<?xml version="1.0" encoding="UTF-8" standalone="yes" ?>
<appProperties xmlns="http://schemas.mathworks.com/matlab/app/2012/appProperties" signature="D05B6ED85B238E5C970EC8D70C28D138AD4C33D2">

  <entryPoint>LUNGENTRAINER_APP</entryPoint>

  <name>Lungentrainer</name>

  <version>1.0</version>

  <createdByMATLABRelease>(R2022b)</createdByMATLABRelease>

  <GUID>27d0152f-e18d-4981-baa0-3a1ed801f63a</GUID>

  <summary>Analysis of lung training with camera images</summary>

  <description>Use a lung trainer machine to inhale air for several breathes unil a specific time (timer) is finished. The height of red, yellow and blue balls is analysed from recorded camera image. Points are given for balls above base level. Points are saved in a user specific excel file. Several test rounds can be conducted. Several users can use the program and save their data. Different visualizations are shown to motivate users.</description>

  <author>
    <name>Anke Klingner</name>
    <contact>anke_klingner@hotmail.com</contact>
    <organization></organization>
  </author>

  <supportedPlatforms/>

  <requiredProducts>
    <product identifier="78" name="Image Acquisition Toolbox" version="6.7"/>
  </requiredProducts>

  <numFiles>8</numFiles>

  <created>2023-11-21T20:46:22Z</created>

  <appEntries>
    <appFile>/D__/Anke/Apps programmieren/Lungentrainer/LUNGENTRAINER_APP.mlapp</appFile>
    <appFile>/C__/ProgramData/MATLAB/SupportPackages/R2022b/toolbox/matlab/webcam/supportpackages/+matlab/+webcam/+internal/webcamOnline.p</appFile>
    <appFile>/C__/ProgramData/MATLAB/SupportPackages/R2022b/toolbox/matlab/webcam/supportpackages/+matlab/+webcam/+internal/WebcamDataUtilityParser.p</appFile>
    <appFile>/D__/Anke/Apps programmieren/Lungentrainer/Titelbild.jpg</appFile>
    <appFile>/C__/ProgramData/MATLAB/SupportPackages/R2022b/toolbox/matlab/webcam/supportpackages/+matlab/+webcam/+internal/webcamDesktop.p</appFile>
    <appFile>/C__/ProgramData/MATLAB/SupportPackages/R2022b/toolbox/matlab/webcam/supportpackages/+matlab/+webcam/+internal/WebcamDataUtilityHelper.p</appFile>
    <appFile>/C__/ProgramData/MATLAB/SupportPackages/R2022b/toolbox/matlab/webcam/supportpackages/webcam.m</appFile>
    <appFile>/C__/ProgramData/MATLAB/SupportPackages/R2022b/toolbox/matlab/webcam/supportpackages/+matlab/+webcam/+internal/Utility.p</appFile>
  </appEntries>

</appProperties>
