<?xml version="1.0" encoding="UTF-8" standalone="yes" ?>
<cp:coreProperties xmlns:cp="http://schemas.openxmlformats.org/package/2006/metadata/core-properties" xmlns:dc="http://purl.org/dc/elements/1.1/" xmlns:dcmitype="http://purl.org/dc/dcmitype/" xmlns:dcterms="http://purl.org/dc/terms/" xmlns:xsi="http://www.w3.org/2001/XMLSchema-instance">
  <dcterms:created xsi:type="dcterms:W3CDTF">2023-11-21T20:46:22Z</dcterms:created>
  <dc:creator>Anke Klingner</dc:creator>
  <dc:description>Use a lung trainer machine to inhale air for several breathes unil a specific time (timer) is finished. The height of red, yellow and blue balls is analysed from recorded camera image. Points are given for balls above base level. Points are saved in a user specific excel file. Several test rounds can be conducted. Several users can use the program and save their data. Different visualizations are shown to motivate users.</dc:description>
  <dc:title>Lungentrainer</dc:title>
  <cp:version>1.0</cp:version>
</cp:coreProperties>
