<?xml version="1.0" encoding="UTF-8" standalone="yes" ?>
<fileEntries xmlns="http://schemas.mathworks.com/matlab/compiler/2011/fileManifest" encoding="UTF-8" platform="win64">
  <fileEntry content="/fsroot/C__/ProgramData/MATLAB/SupportPackages/R2022b/toolbox/matlab/webcam/supportpackages/+matlab/+webcam/+internal/Utility.p" date="2022-06-29T21:11:35Z" name="/C__/ProgramData/MATLAB/SupportPackages/R2022b/toolbox/matlab/webcam/supportpackages/+matlab/+webcam/+internal/Utility.p" permissions="70070" type="File"/>
  <fileEntry content="/fsroot/C__/ProgramData/MATLAB/SupportPackages/R2022b/toolbox/matlab/webcam/supportpackages/+matlab/+webcam/+internal/WebcamDataUtilityHelper.p" date="2022-05-14T14:05:49Z" name="/C__/ProgramData/MATLAB/SupportPackages/R2022b/toolbox/matlab/webcam/supportpackages/+matlab/+webcam/+internal/WebcamDataUtilityHelper.p" permissions="70070" type="File"/>
  <fileEntry content="/fsroot/C__/ProgramData/MATLAB/SupportPackages/R2022b/toolbox/matlab/webcam/supportpackages/+matlab/+webcam/+internal/WebcamDataUtilityParser.p" date="2022-05-14T14:05:49Z" name="/C__/ProgramData/MATLAB/SupportPackages/R2022b/toolbox/matlab/webcam/supportpackages/+matlab/+webcam/+internal/WebcamDataUtilityParser.p" permissions="70070" type="File"/>
  <fileEntry content="/fsroot/C__/ProgramData/MATLAB/SupportPackages/R2022b/toolbox/matlab/webcam/supportpackages/+matlab/+webcam/+internal/webcamDesktop.p" date="2022-05-14T14:05:49Z" name="/C__/ProgramData/MATLAB/SupportPackages/R2022b/toolbox/matlab/webcam/supportpackages/+matlab/+webcam/+internal/webcamDesktop.p" permissions="70070" type="File"/>
  <fileEntry content="/fsroot/C__/ProgramData/MATLAB/SupportPackages/R2022b/toolbox/matlab/webcam/supportpackages/+matlab/+webcam/+internal/webcamOnline.p" date="2022-05-14T14:05:49Z" name="/C__/ProgramData/MATLAB/SupportPackages/R2022b/toolbox/matlab/webcam/supportpackages/+matlab/+webcam/+internal/webcamOnline.p" permissions="70070" type="File"/>
  <fileEntry content="/fsroot/C__/ProgramData/MATLAB/SupportPackages/R2022b/toolbox/matlab/webcam/supportpackages/webcam.m" date="2021-02-18T07:39:28Z" name="/C__/ProgramData/MATLAB/SupportPackages/R2022b/toolbox/matlab/webcam/supportpackages/webcam.m" permissions="70070" type="File"/>
  <fileEntry content="/fsroot/D__/Anke/Apps%20programmieren/Lungentrainer/LUNGENTRAINER_APP.mlapp" date="2023-11-21T20:43:55Z" name="/D__/Anke/Apps programmieren/Lungentrainer/LUNGENTRAINER_APP.mlapp" permissions="37302" type="File"/>
  <fileEntry content="/fsroot/D__/Anke/Apps%20programmieren/Lungentrainer/Titelbild.jpg" date="2023-11-19T19:03:44Z" name="/D__/Anke/Apps programmieren/Lungentrainer/Titelbild.jpg" permissions="37302" type="File"/>
</fileEntries>
